time_sec,density
0.0,0
0.1,0
0.2,0
0.3,0
0.4,0
0.5,0
0.6,0
0.7,0
0.8,0
0.9,0
1.0,0
1.1,0
1.2,0
1.3,0
1.4,0
1.5,0
1.6,0
1.7,0
1.8,0
1.9,0
2.0,0
2.1,0
2.2,0
2.3,0
2.4,0
2.5,0
2.6,4
2.7,4
2.8,4
2.9,3
3.0,4
3.1,4
3.2,3
3.3,0
3.4,4
3.5,4
3.6,4
3.7,3
3.8,4
3.9,4
4.0,4
4.1,4
4.2,4
4.3,4
4.4,4
4.5,0
4.6,4
4.7,4
4.8,4
4.9,4
5.0,4
5.1,4
5.2,1
5.3,0
5.4,0
5.5,0
5.6,0
5.7,4
5.8,4
5.9,4
6.0,0
6.1,4
6.2,4
6.3,4
6.4,2
6.5,3
6.6,3
6.7,3
6.8,1
6.9,3
7.0,3
7.1,3
7.2,0
7.3,2
7.4,2
7.5,2
7.6,2
7.7,2
7.8,2
7.9,2
8.0,2
8.1,1
8.2,1
8.3,0
8.4,4
8.5,4
8.6,4
8.7,2
8.8,4
8.9,4
9.0,4
9.1,0
9.2,4
9.3,4
9.4,4
9.5,1
9.6,4
9.7,4
9.8,4
9.9,4
10.0,4
10.1,4
10.2,4
10.3,4
10.4,4
10.5,3
10.6,2
10.7,2
10.8,2
10.9,2
11.0,1
11.1,1
11.2,1
11.3,1
11.4,0
11.5,4
11.6,4
11.7,0
11.8,0
11.9,4
12.0,4
12.1,3
12.2,0
12.3,2
12.4,2
12.5,2
12.6,2
12.7,2
12.8,2
12.9,2
13.0,2
13.1,2
13.2,2
13.3,2
13.4,2
13.5,2
13.6,2
13.7,2
13.8,2
13.9,2
14.0,2
14.1,2
14.2,2
14.3,2
14.4,2
14.5,2
14.6,2
14.7,2
14.8,1
14.9,0
15.0,0
15.1,0
15.2,0
15.3,5
15.4,5
15.5,5
15.6,5
15.7,5
15.8,5
15.9,5
16.0,5
16.1,5
16.2,5
16.3,5
16.4,5
16.5,5
16.6,5
16.7,5
16.8,5
16.9,5
17.0,5
17.1,5
17.2,5
17.3,5
17.4,5
17.5,5
17.6,5
17.7,5
17.8,5
17.9,5
18.0,5
18.1,5
18.2,5
18.3,4
18.4,5
18.5,5
18.6,5
18.7,5
18.8,4
18.9,4
19.0,4
19.1,4
19.2,6
19.3,5
19.4,5
19.5,5
19.6,4
19.7,4
19.8,4
19.9,6
20.0,5
20.1,5
20.2,5
20.3,6
20.4,4
20.5,4
20.6,4
20.7,5
20.8,4
20.9,4
21.0,4
21.1,6
21.2,4
21.3,3
21.4,3
21.5,6
21.6,6
21.7,6
21.8,6
21.9,7
22.0,6
22.1,6
22.2,6
22.3,6
22.4,6
22.5,6
22.6,7
22.7,6
22.8,6
22.9,6
23.0,7
23.1,6
23.2,6
23.3,6
23.4,7
23.5,6
23.6,6
23.7,6
23.8,7
23.9,6
24.0,6
24.1,6
24.2,6
24.3,6
24.4,6
24.5,5
24.6,6
24.7,6
24.8,6
24.9,6
25.0,5
25.1,5
25.2,5
25.3,6
25.4,6
25.5,6
25.6,6
25.7,5
25.8,5
25.9,5
26.0,5
26.1,6
26.2,6
26.3,6
26.4,5
26.5,5
26.6,5
26.7,5
26.8,5
26.9,6
27.0,6
27.1,5
27.2,5
27.3,5
27.4,5
27.5,5
27.6,8
27.7,6
27.8,6
27.9,6
28.0,7
28.1,6
28.2,6
28.3,6
28.4,9
28.5,6
28.6,6
28.7,6
28.8,7
28.9,6
29.0,5
29.1,5
29.2,6
29.3,5
29.4,4
29.5,3
29.6,3
29.7,3
29.8,0
29.9,1
30.0,1
30.1,1
30.2,1
30.3,2
30.4,1
30.5,1
30.6,1
30.7,6
30.8,5
30.9,5
31.0,1
31.1,6
31.2,6
31.3,4
31.4,2
31.5,6
31.6,6
31.7,5
31.8,0
31.9,0
32.0,0
32.1,0
32.2,0
32.3,6
32.4,6
32.5,3
32.6,6
32.7,6
32.8,5
32.9,3
33.0,6
33.1,6
33.2,6
33.3,2
33.4,0
33.5,0
33.6,0
33.7,0
33.8,6
33.9,6
34.0,5
34.1,1
34.2,6
34.3,6
34.4,3
34.5,2
34.6,6
34.7,6
34.8,5
34.9,4
35.0,0
35.1,0
35.2,0
35.3,6
35.4,6
35.5,5
35.6,4
35.7,6
35.8,5
35.9,3
36.0,1
36.1,6
36.2,6
36.3,6
36.4,6
36.5,6
36.6,5
36.7,4
36.8,1
36.9,5
37.0,5
37.1,5
37.2,5
37.3,5
37.4,4
37.5,4
37.6,5
37.7,4
37.8,4
37.9,4
38.0,5
38.1,4
38.2,4
38.3,4
38.4,5
38.5,4
38.6,4
38.7,4
38.8,4
38.9,4
39.0,3
39.1,3
39.2,4
39.3,4
39.4,3
39.5,3
39.6,3
39.7,2
39.8,2
39.9,7
40.0,5
40.1,5
40.2,5
40.3,5
40.4,5
40.5,5
40.6,4
40.7,5
40.8,5
40.9,5
41.0,4
41.1,6
41.2,6
41.3,6
41.4,3
41.5,6
41.6,5
41.7,5
41.8,5
41.9,5
42.0,5
42.1,5
42.2,4
42.3,6
42.4,6
42.5,5
42.6,5
42.7,3
42.8,3
42.9,3
43.0,7
43.1,7
43.2,7
43.3,7
43.4,8
43.5,8
43.6,8
43.7,8
43.8,9
43.9,8
44.0,8
44.1,8
44.2,9
44.3,9
44.4,9
44.5,8
44.6,8
44.7,6
44.8,6
44.9,6
45.0,5
45.1,4
45.2,3
45.3,1
45.4,1
45.5,1
45.6,1
45.7,1
45.8,1
45.9,1
46.0,1
46.1,3
46.2,3
46.3,3
46.4,3
46.5,4
46.6,4
46.7,4
46.8,4
46.9,4
47.0,4
47.1,4
47.2,4
47.3,5
47.4,5
47.5,5
47.6,7
47.7,7
47.8,6
47.9,6
48.0,7
48.1,7
48.2,7
48.3,7
48.4,9
48.5,7
48.6,7
48.7,7
48.8,8
48.9,8
49.0,7
49.1,5
49.2,6
49.3,5
49.4,5
49.5,5
49.6,5
49.7,5
49.8,5
49.9,5
50.0,5
50.1,5
50.2,5
50.3,6
50.4,5
50.5,5
50.6,5
50.7,7
50.8,6
50.9,6
51.0,6
51.1,7
51.2,6
51.3,6
51.4,6
51.5,8
51.6,7
51.7,7
51.8,7
51.9,7
52.0,5
52.1,5
52.2,3
52.3,5
52.4,5
52.5,5
52.6,5
52.7,5
52.8,5
52.9,5
53.0,5
53.1,5
53.2,5
53.3,5
53.4,6
53.5,6
53.6,6
53.7,6
53.8,7
53.9,7
54.0,7
54.1,7
54.2,8
54.3,8
54.4,8
54.5,8
54.6,9
54.7,9
54.8,8
54.9,9
55.0,8
55.1,8
55.2,8
55.3,8
55.4,4
55.5,4
55.6,4
55.7,5
55.8,4
55.9,5
56.0,5
56.1,5
56.2,4
56.3,4
56.4,4
56.5,5
56.6,5
56.7,5
56.8,5
56.9,7
57.0,6
57.1,6
57.2,6
57.3,6
57.4,6
57.5,6
57.6,8
57.7,7
57.8,7
57.9,6
58.0,8
58.1,7
58.2,6
58.3,6
58.4,7
58.5,5
58.6,5
58.7,5
58.8,5
58.9,5
59.0,4
59.1,4
59.2,5
59.3,5
59.4,5
59.5,5
59.6,6
59.7,5
59.8,6
59.9,8
60.0,8
60.1,7
60.2,7
60.3,8
60.4,7
60.5,7
60.6,7
60.7,8
60.8,7
60.9,7
61.0,6
61.1,7
61.2,7
61.3,6
61.4,5
61.5,8
61.6,6
61.7,6
61.8,5
61.9,5
62.0,5
62.1,6
62.2,5
62.3,5
62.4,5
62.5,5
62.6,4
62.7,4
62.8,3
62.9,3
63.0,4
63.1,4
63.2,4
63.3,4
63.4,5
63.5,5
63.6,5
63.7,5
63.8,6
63.9,6
64.0,6
64.1,4
64.2,3
64.3,3
64.4,3
64.5,2
64.6,4
64.7,4
64.8,4
64.9,5
65.0,4
65.1,4
65.2,4
65.3,5
65.4,4
65.5,4
65.6,4
65.7,6
65.8,5
65.9,5
66.0,5
66.1,7
66.2,6
66.3,7
66.4,6
66.5,6
66.6,6
66.7,6
66.8,6
66.9,6
67.0,6
67.1,6
67.2,6
67.3,6
67.4,6
67.5,6
67.6,8
67.7,4
67.8,4
67.9,4
68.0,5
68.1,4
68.2,4
68.3,4
68.4,5
68.5,4
68.6,4
68.7,4
68.8,5
68.9,5
69.0,5
69.1,5
69.2,6
69.3,6
69.4,6
69.5,6
69.6,6
69.7,6
69.8,6
69.9,7
70.0,6
70.1,5
70.2,5
70.3,6
70.4,6
70.5,5
70.6,5
70.7,6
70.8,5
70.9,5
71.0,4
71.1,6
71.2,4
71.3,4
71.4,4
71.5,5
71.6,5
71.7,5
71.8,4
71.9,7
72.0,5
72.1,3
72.2,2
72.3,4
72.4,5
72.5,5
72.6,5
72.7,4
72.8,4
72.9,4
73.0,7
73.1,4
73.2,4
73.3,4
73.4,5
73.5,4
73.6,3
73.7,3
73.8,4
73.9,4
74.0,4
74.1,4
74.2,4
74.3,4
74.4,3
74.5,2
74.6,4
74.7,4
74.8,4
74.9,5
75.0,5
75.1,4
75.2,4
75.3,4
75.4,3
75.5,3
75.6,3
75.7,3
75.8,3
75.9,3
76.0,1
76.1,3
76.2,3
76.3,3
76.4,3
76.5,3
76.6,2
76.7,2
76.8,1
76.9,8
77.0,8
77.1,8
77.2,8
77.3,7
77.4,6
77.5,6
77.6,9
77.7,8
77.8,8
77.9,8
78.0,8
78.1,6
78.2,6
78.3,6
78.4,9
78.5,8
78.6,8
78.7,8
78.8,8
78.9,7
79.0,6
79.1,4
79.2,10
79.3,9
79.4,9
79.5,8
79.6,8
79.7,8
79.8,7
79.9,12
80.0,8
80.1,8
80.2,7
80.3,8
80.4,7
80.5,7
80.6,7
80.7,8
80.8,7
80.9,7
81.0,7
81.1,8
81.2,8
81.3,8
81.4,7
81.5,9
81.6,9
81.7,9
81.8,9
81.9,9
82.0,8
82.1,8
82.2,7
82.3,10
82.4,10
82.5,9
82.6,9
82.7,9
82.8,9
82.9,8
83.0,11
83.1,10
83.2,9
83.3,9
83.4,9
83.5,9
83.6,9
83.7,9
83.8,11
83.9,9
84.0,9
84.1,8
84.2,10
84.3,10
84.4,6
84.5,5
84.6,11
84.7,10
84.8,9
84.9,10
85.0,9
85.1,8
85.2,7
85.3,12
85.4,9
85.5,9
85.6,9
85.7,8
85.8,6
85.9,7
86.0,6
86.1,11
86.2,7
86.3,6
86.4,6
86.5,7
86.6,6
86.7,6
86.8,6
86.9,7
87.0,7
87.1,7
87.2,7
87.3,7
87.4,7
87.5,6
87.6,9
87.7,8
87.8,8
87.9,8
88.0,10
88.1,7
88.2,7
88.3,6
88.4,9
88.5,9
88.6,9
88.7,8
88.8,7
88.9,6
89.0,6
89.1,6
89.2,11
89.3,10
89.4,9
89.5,7
89.6,8
89.7,8
89.8,8
89.9,9
90.0,9
90.1,9
90.2,9
90.3,10
90.4,9
90.5,8
90.6,6
90.7,10
90.8,9
90.9,9
91.0,8
91.1,9
91.2,7
91.3,7
91.4,7
91.5,9
91.6,9
91.7,9
91.8,8
91.9,10
92.0,8
92.1,6
92.2,5
92.3,6
92.4,6
92.5,6
92.6,7
92.7,5
92.8,5
92.9,5
93.0,7
93.1,6
93.2,6
93.3,6
93.4,7
93.5,6
93.6,7
93.7,7
93.8,8
93.9,7
94.0,7
94.1,7
94.2,9
94.3,7
94.4,6
94.5,6
94.6,8
94.7,7
94.8,7
94.9,9
95.0,9
95.1,8
95.2,7
95.3,7
95.4,6
95.5,5
95.6,5
95.7,5
95.8,5
95.9,5
96.0,5
96.1,6
96.2,6
96.3,6
96.4,6
96.5,5
96.6,5
96.7,5
96.8,5
96.9,9
97.0,9
97.1,8
97.2,8
97.3,8
97.4,8
97.5,8
97.6,9
97.7,6
97.8,6
97.9,6
98.0,7
98.1,7
98.2,7
98.3,7
98.4,9
98.5,6
98.6,6
98.7,6
98.8,7
98.9,6
99.0,6
99.1,6
99.2,6
99.3,6
99.4,6
99.5,5
99.6,6
99.7,5
99.8,3
99.9,3
100.0,3
100.1,3
100.2,3
100.3,4
100.4,4
100.5,3
100.6,3
100.7,4
100.8,4
100.9,4
101.0,4
101.1,5
101.2,5
101.3,5
101.4,5
101.5,7
101.6,6
101.7,6
101.8,6
101.9,7
102.0,7
102.1,7
102.2,7
102.3,8
102.4,7
102.5,7
102.6,8
102.7,7
102.8,6
102.9,6
103.0,7
103.1,5
103.2,5
103.3,5
103.4,6
103.5,4
103.6,4
103.7,4
103.8,5
103.9,5
104.0,5
104.1,5
104.2,5
104.3,5
104.4,5
104.5,5
104.6,7
104.7,6
104.8,6
104.9,7
105.0,7
105.1,6
105.2,6
105.3,9
105.4,8
105.5,8
105.6,8
105.7,8
105.8,6
105.9,6
106.0,6
106.1,6
106.2,4
106.3,4
106.4,5
106.5,4
106.6,4
106.7,4
106.8,4
106.9,5
107.0,5
107.1,5
107.2,5
107.3,5
107.4,5
107.5,5
107.6,7
107.7,6
107.8,6
107.9,7
108.0,7
108.1,7
108.2,7
108.3,7
108.4,9
108.5,9
108.6,8
108.7,8
108.8,8
108.9,8
109.0,8
109.1,6
109.2,6
109.3,5
109.4,5
109.5,4
109.6,4
109.7,6
109.8,4
109.9,5
110.0,5
110.1,4
110.2,4
110.3,5
110.4,5
110.5,4
110.6,4
110.7,7
110.8,7
110.9,6
111.0,6
111.1,6
111.2,6
111.3,6
111.4,6
111.5,7
111.6,7
111.7,7
111.8,7
111.9,8
112.0,7
112.1,7
112.2,5
112.3,4
112.4,4
112.5,4
112.6,4
112.7,5
112.8,5
112.9,4
113.0,4
113.1,4
113.2,5
113.3,5
113.4,5
113.5,5
113.6,5
113.7,5
113.8,7
113.9,7
114.0,7
114.1,7
114.2,6
114.3,6
114.4,6
114.5,6
114.6,7
114.7,7
114.8,6
114.9,8
115.0,8
115.1,8
115.2,7
115.3,8
115.4,5
115.5,5
115.6,5
115.7,6
115.8,6
115.9,7
116.0,6
116.1,5
116.2,6
116.3,6
116.4,5
116.5,6
116.6,5
116.7,5
116.8,2
116.9,5
117.0,5
117.1,5
117.2,5
117.3,6
117.4,6
117.5,6
117.6,7
117.7,7
117.8,7
117.9,7
118.0,6
118.1,4
118.2,4
118.3,4
118.4,4
118.5,4
118.6,4
118.7,5
118.8,5
118.9,4
119.0,4
119.1,4
119.2,5
119.3,5
119.4,4
119.5,4
119.6,6
119.7,5
119.8,4
119.9,8
120.0,7
120.1,7
120.2,6
120.3,7
120.4,7
120.5,7
120.6,7
120.7,8
120.8,7
120.9,7
121.0,7
121.1,7
121.2,7
121.3,7
121.4,4
121.5,7
121.6,6
121.7,6
121.8,6
121.9,6
122.0,6
122.1,5
122.2,5
122.3,6
122.4,5
122.5,5
122.6,7
122.7,6
122.8,6
122.9,6
123.0,7
123.1,6
123.2,6
123.3,6
123.4,6
123.5,6
123.6,6
123.7,5
123.8,6
123.9,5
124.0,5
124.1,5
124.2,7
124.3,7
124.4,6
124.5,4
124.6,6
124.7,6
124.8,6
124.9,6
125.0,5
125.1,5
125.2,4
125.3,5
125.4,6
125.5,6
125.6,6
125.7,8
125.8,6
125.9,7
126.0,5
126.1,7
126.2,6
126.3,7
126.4,7
126.5,7
126.6,7
126.7,5
126.8,4
126.9,5
127.0,5
127.1,5
127.2,4
127.3,5
127.4,5
127.5,5
127.6,7
127.7,6
127.8,6
127.9,6
128.0,6
128.1,6
128.2,5
128.3,5
128.4,5
128.5,5
128.6,5
128.7,5
128.8,6
128.9,5
129.0,5
129.1,4
129.2,6
129.3,6
129.4,6
129.5,6
129.6,4
129.7,4
129.8,2
129.9,5
130.0,4
130.1,4
130.2,4
130.3,5
130.4,4
130.5,3
130.6,3
130.7,8
130.8,8
130.9,8
131.0,8
131.1,9
131.2,7
131.3,7
131.4,7
131.5,9
131.6,8
131.7,8
131.8,8
131.9,9
132.0,7
132.1,7
132.2,7
132.3,8
132.4,8
132.5,8
132.6,9
132.7,8
132.8,8
132.9,7
133.0,9
133.1,8
133.2,8
133.3,8
133.4,9
133.5,8
133.6,8
133.7,6
133.8,7
133.9,7
134.0,7
134.1,6
134.2,6
134.3,6
134.4,6
134.5,6
134.6,7
134.7,7
134.8,7
134.9,8
135.0,8
135.1,8
135.2,6
135.3,10
135.4,7
135.5,7
135.6,7
135.7,7
135.8,7
135.9,7
136.0,4
136.1,7
136.2,7
136.3,7
136.4,6
136.5,7
136.6,7
136.7,7
136.8,5
136.9,9
137.0,9
137.1,9
137.2,9
137.3,9
137.4,8
137.5,6
137.6,9
137.7,7
137.8,8
137.9,6
138.0,8
138.1,8
138.2,6
138.3,5
138.4,8
138.5,8
138.6,8
138.7,7
138.8,8
138.9,6
139.0,5
139.1,4
139.2,7
139.3,6
139.4,6
139.5,5
139.6,5
139.7,6
139.8,6
139.9,8
140.0,6
140.1,6
140.2,5
140.3,7
140.4,6
140.5,6
140.6,5
140.7,8
140.8,7
140.9,7
141.0,7
141.1,8
141.2,6
141.3,6
141.4,5
141.5,9
141.6,8
141.7,8
141.8,8
141.9,9
142.0,6
142.1,6
142.2,4
142.3,9
142.4,10
142.5,9
142.6,9
142.7,6
142.8,6
142.9,5
143.0,9
143.1,8
143.2,7
143.3,7
143.4,6
143.5,6
143.6,5
143.7,4
143.8,8
143.9,8
144.0,8
144.1,9
144.2,8
144.3,8
144.4,8
144.5,5
144.6,7
144.7,8
144.8,8
144.9,6
145.0,6
145.1,6
145.2,6
145.3,8
145.4,7
145.5,6
145.6,5
145.7,6
145.8,6
145.9,6
146.0,6
146.1,6
146.2,6
146.3,6
146.4,6
146.5,6
146.6,6
146.7,6
146.8,6
146.9,7
147.0,7
147.1,7
147.2,7
147.3,7
147.4,7
147.5,3
147.6,9
147.7,8
147.8,8
147.9,7
148.0,8
148.1,7
148.2,6
148.3,5
148.4,10
148.5,10
148.6,8
148.7,7
148.8,8
148.9,8
149.0,7
149.1,4
149.2,8
149.3,8
149.4,8
149.5,8
149.6,7
149.7,7
149.8,7
149.9,9
150.0,9
150.1,9
150.2,5
150.3,10
150.4,10
150.5,9
150.6,8
150.7,9
150.8,8
150.9,8
151.0,8
151.1,8
151.2,8
151.3,7
151.4,4
151.5,10
151.6,10
151.7,11
151.8,9
151.9,8
152.0,6
152.1,6
152.2,5
152.3,9
152.4,9
152.5,9
152.6,9
152.7,10
152.8,8
152.9,6
153.0,11
153.1,12
153.2,10
153.3,9
153.4,11
153.5,11
153.6,10
153.7,7
153.8,11
153.9,9
154.0,10
154.1,8
154.2,10
154.3,8
154.4,9
154.5,8
154.6,9
154.7,8
154.8,9
154.9,9
155.0,9
155.1,8
155.2,6
155.3,8
155.4,7
155.5,7
155.6,7
155.7,7
155.8,8
155.9,9
156.0,7
156.1,10
156.2,10
156.3,8
156.4,4
156.5,9
156.6,9
156.7,10
156.8,7
156.9,9
157.0,8
157.1,8
157.2,8
157.3,8
157.4,8
157.5,7
157.6,10
157.7,8
157.8,9
157.9,10
158.0,11
158.1,8
158.2,9
158.3,7
158.4,12
158.5,9
158.6,9
158.7,9
158.8,8
158.9,8
159.0,8
159.1,8
159.2,9
159.3,9
159.4,9
159.5,8
159.6,10
159.7,9
159.8,10
159.9,10
160.0,9
160.1,11
160.2,10
160.3,10
160.4,9
160.5,10
160.6,9
160.7,11
160.8,9
160.9,8
161.0,7
161.1,8
161.2,7
161.3,7
161.4,5
161.5,11
161.6,11
161.7,11
161.8,11
161.9,9
162.0,9
162.1,8
162.2,8
162.3,7
162.4,6
162.5,5
162.6,6
162.7,5
162.8,12
162.9,3
163.0,11
163.1,10
163.2,11
163.3,9
163.4,9
163.5,5
163.6,5
163.7,3
163.8,8
163.9,8
164.0,8
164.1,6
164.2,5
164.3,3
164.4,3
164.5,3
164.6,8
164.7,8
164.8,8
164.9,6
165.0,6
165.1,6
165.2,6
165.3,6
165.4,5
165.5,7
165.6,8
165.7,5
165.8,10
165.9,10
166.0,7
166.1,8
166.2,8
166.3,8
166.4,8
166.5,5
166.6,3
166.7,3
166.8,3
166.9,7
167.0,7
167.1,7
167.2,6
167.3,5
167.4,3
167.5,3
167.6,8
167.7,8
167.8,3
167.9,0
168.0,3
168.1,0
168.2,0
168.3,0
168.4,3
168.5,0
168.6,0
168.7,0
168.8,3
168.9,0
169.0,0
169.1,0
169.2,3
169.3,0
169.4,0
169.5,0
169.6,3
169.7,0
169.8,0
169.9,3
170.0,0
170.1,0
170.2,0
170.3,3
170.4,0
170.5,0
170.6,0
170.7,4
170.8,2
170.9,1
171.0,0
171.1,4
171.2,0
171.3,3
171.4,0
171.5,4
171.6,0
171.7,1
171.8,0
171.9,3
172.0,0
172.1,0
172.2,0
172.3,2
172.4,1
172.5,0
172.6,4
172.7,0
172.8,4
172.9,0
173.0,4
173.1,4
173.2,2
173.3,0
173.4,9
173.5,0
173.6,9
173.7,1
173.8,9
173.9,9
174.0,8
174.1,3
174.2,7
174.3,0
174.4,9
174.5,1
174.6,9
174.7,9
174.8,7
174.9,8
175.0,2
175.1,9
175.2,5
175.3,8
175.4,0
175.5,8
175.6,2
175.7,8
175.8,7
175.9,0
176.0,0
176.1,8
176.2,6
176.3,0
176.4,0
176.5,8
176.6,6
176.7,0
176.8,0
176.9,4
177.0,5
177.1,7
177.2,6
177.3,5
177.4,10
177.5,7
177.6,10
177.7,9
177.8,0
177.9,0
178.0,11
178.1,8
178.2,0
178.3,0
178.4,11
178.5,1
178.6,12
178.7,0
178.8,11
178.9,3
179.0,13
179.1,0
179.2,12
179.3,8
179.4,0
179.5,0
179.6,11
179.7,6
179.8,0
179.9,8
180.0,11
180.1,8
180.2,0
180.3,2
180.4,0
180.5,2
180.6,1
180.7,2
180.8,2
180.9,3
181.0,0
181.1,3
181.2,0
181.3,2
181.4,0
181.5,3
181.6,3
181.7,3
181.8,1
181.9,2
182.0,0
182.1,1
182.2,1
182.3,2
182.4,1
182.5,1
182.6,4
182.7,1
182.8,3
182.9,0
183.0,3
183.1,3
183.2,3
183.3,0
183.4,5
183.5,0
183.6,5
183.7,1
183.8,5
183.9,5
184.0,5
184.1,4
184.2,5
184.3,2
184.4,5
184.5,1
184.6,6
184.7,3
184.8,0
184.9,2
185.0,2
185.1,2
185.2,1
185.3,2
185.4,2
185.5,4
185.6,4
185.7,4
185.8,4
185.9,6
186.0,6
186.1,6
186.2,6
186.3,8
186.4,8
186.5,6
186.6,6
186.7,8
186.8,8
186.9,8
187.0,8
187.1,2
187.2,0
187.3,3
187.4,0
187.5,0
187.6,6
187.7,0
187.8,6
187.9,0
188.0,6
188.1,1
188.2,0
188.3,0
188.4,6
188.5,1
188.6,0
188.7,0
188.8,6
188.9,0
189.0,0
189.1,0
189.2,5
189.3,0
189.4,3
189.5,0
189.6,6
189.7,6
189.8,3
189.9,6
190.0,6
190.1,5
190.2,2
190.3,9
190.4,7
190.5,7
190.6,2
190.7,9
190.8,0
190.9,7
191.0,0
191.1,9
191.2,7
191.3,6
191.4,0
191.5,9
191.6,7
191.7,7
191.8,0
191.9,3
192.0,0
192.1,4
192.2,1
192.3,7
192.4,7
192.5,2
192.6,9
192.7,0
192.8,7
192.9,3
193.0,9
193.1,7
193.2,6
193.3,1
193.4,9
193.5,7
193.6,7
193.7,0
193.8,7
193.9,5
194.0,6
194.1,0
194.2,9
194.3,3
194.4,0
194.5,0
194.6,6
194.7,3
194.8,6
194.9,9
195.0,7
195.1,2
195.2,1
195.3,9
195.4,2
195.5,7
195.6,6
195.7,8
195.8,7
195.9,3
196.0,0
196.1,1
196.2,0
196.3,1
196.4,1
196.5,2
196.6,1
196.7,2
196.8,2
196.9,2
197.0,2
197.1,2
197.2,1
197.3,2
197.4,2
197.5,2
197.6,3
197.7,2
197.8,2
197.9,0
198.0,7
198.1,1
198.2,7
198.3,2
198.4,7
198.5,0
198.6,0
198.7,0
198.8,5
198.9,0
199.0,5
199.1,1
199.2,7
199.3,1
199.4,0
199.5,0
199.6,2
199.7,1
199.8,2
199.9,7
200.0,1
200.1,5
200.2,2
200.3,7
200.4,4
200.5,2
200.6,2
200.7,6
200.8,5
200.9,2
201.0,0
201.1,10
201.2,3
201.3,2
201.4,0
201.5,6
201.6,3
201.7,0
201.8,0
201.9,8
202.0,6
202.1,6
202.2,6
202.3,4
202.4,5
202.5,0
202.6,5
202.7,2
202.8,5
202.9,2
203.0,6
203.1,2
203.2,5
203.3,2
203.4,6
203.5,1
203.6,7
203.7,0
203.8,7
203.9,0
204.0,7
204.1,7
204.2,7
204.3,5
204.4,4
204.5,1
204.6,6
204.7,3
204.8,0
204.9,8
205.0,6
205.1,3
205.2,0
205.3,6
205.4,3
205.5,2
205.6,0
205.7,8
205.8,6
205.9,6
206.0,6
206.1,6
206.2,0
206.3,5
206.4,0
206.5,5
206.6,1
206.7,5
206.8,0
206.9,3
207.0,0
207.1,4
207.2,1
207.3,3
207.4,6
207.5,5
207.6,6
207.7,5
207.8,8
207.9,6
208.0,9
208.1,3
208.2,6
208.3,3
208.4,6
208.5,2
208.6,6
208.7,3
208.8,7
208.9,1
209.0,6
209.1,0
209.2,6
209.3,3
209.4,8
209.5,5
209.6,6
209.7,1
209.8,3
209.9,6
210.0,3
210.1,6
210.2,3
210.3,7
210.4,4
210.5,1
210.6,1
210.7,1
210.8,0
210.9,2
211.0,2
211.1,2
211.2,2
211.3,4
211.4,4
211.5,4
211.6,4
211.7,5
211.8,5
211.9,5
212.0,5
212.1,7
212.2,7
212.3,7
212.4,8
212.5,8
212.6,8
212.7,8
212.8,8
212.9,5
213.0,5
213.1,3
213.2,7
213.3,6
213.4,3
213.5,0
213.6,8
213.7,7
213.8,1
213.9,0
214.0,11
214.1,10
214.2,2
214.3,0
214.4,10
214.5,8
214.6,3
214.7,3
214.8,10
214.9,4
215.0,0
215.1,10
215.2,9
215.3,4
215.4,0
215.5,8
215.6,8
215.7,6
215.8,5
215.9,1
216.0,0
216.1,1
216.2,1
216.3,1
216.4,1
216.5,1
216.6,1
216.7,3
216.8,1
216.9,4
217.0,2
217.1,4
217.2,2
217.3,4
217.4,10
217.5,4
217.6,10
217.7,5
217.8,11
217.9,4
218.0,9
218.1,4
218.2,11
218.3,0
218.4,10
218.5,0
218.6,11
218.7,8
218.8,1
218.9,0
219.0,5
219.1,4
219.2,4
219.3,1
219.4,10
219.5,9
219.6,9
219.7,9
219.8,4
219.9,9
220.0,7
220.1,10
220.2,8
220.3,3
220.4,3
220.5,8
220.6,2
220.7,8
220.8,4
220.9,10
221.0,4
221.1,8
221.2,4
221.3,8
221.4,3
221.5,10
221.6,3
221.7,11
221.8,7
221.9,3
222.0,3
222.1,8
222.2,5
222.3,4
222.4,10
222.5,11
222.6,11
222.7,11
222.8,11
222.9,11
223.0,11
223.1,11
223.2,10
223.3,10
223.4,10
223.5,9
223.6,10
223.7,10
223.8,10
223.9,4
224.0,10
224.1,10
224.2,9
224.3,9
224.4,10
224.5,9
224.6,10
224.7,9
224.8,10
224.9,9
225.0,9
225.1,11
225.2,7
225.3,8
225.4,7
225.5,10
225.6,9
225.7,10
225.8,8
225.9,8
226.0,9
226.1,9
226.2,9
226.3,9
226.4,9
226.5,8
226.6,9
226.7,7
226.8,3
226.9,3
227.0,3
227.1,8
227.2,8
227.3,8
227.4,9
227.5,8
227.6,9
227.7,9
227.8,9
227.9,9
228.0,9
228.1,8
228.2,8
228.3,8
228.4,4
228.5,5
228.6,4
228.7,6
228.8,6
228.9,6
229.0,5
229.1,4
229.2,5
229.3,5
229.4,3
229.5,5
229.6,4
229.7,6
229.8,7
229.9,2
230.0,5
230.1,4
230.2,7
230.3,6
230.4,6
230.5,5
230.6,5
230.7,2
230.8,5
230.9,4
231.0,6
231.1,7
231.2,6
231.3,6
231.4,4
231.5,7
231.6,6
231.7,4
231.8,6
231.9,6
232.0,4
232.1,5
232.2,4
232.3,5
232.4,5
232.5,4
232.6,5
232.7,7
232.8,6
232.9,5
233.0,4
233.1,6
233.2,6
233.3,4
233.4,6
233.5,4
233.6,6
233.7,5
233.8,3
233.9,5
234.0,2
234.1,5
234.2,3
234.3,4
234.4,5
234.5,3
234.6,2
234.7,10
234.8,7
234.9,10
235.0,9
235.1,8
235.2,8
235.3,8
235.4,8
235.5,10
235.6,8
235.7,8
235.8,9
235.9,8
236.0,8
236.1,7
236.2,9
236.3,9
236.4,8
236.5,7
236.6,7
236.7,5
236.8,6
236.9,5
237.0,13
237.1,12
237.2,10
237.3,8
237.4,9
237.5,9
237.6,8
237.7,4
237.8,12
237.9,8
238.0,7
238.1,7
238.2,7
238.3,6
238.4,7
238.5,7
238.6,7
238.7,6
238.8,7
238.9,7
239.0,7
239.1,6
239.2,5
239.3,5
239.4,4
239.5,7
239.6,7
239.7,7
239.8,9
239.9,5
240.0,11
240.1,9
240.2,7
240.3,7
240.4,7
240.5,7
240.6,7
240.7,5
240.8,2
240.9,10
241.0,10
241.1,9
241.2,8
241.3,8
241.4,9
241.5,9
241.6,7
241.7,9
241.8,8
241.9,10
242.0,8
242.1,8
242.2,8
242.3,9
242.4,8
242.5,9
242.6,8
242.7,9
242.8,8
242.9,8
243.0,7
243.1,7
243.2,12
243.3,13
243.4,10
243.5,11
243.6,10
243.7,10
243.8,8
243.9,6
244.0,15
244.1,14
244.2,11
244.3,11
244.4,10
244.5,10
244.6,9
244.7,10
244.8,11
244.9,9
245.0,10
245.1,9
245.2,10
245.3,10
245.4,8
245.5,7
245.6,16
245.7,12
245.8,10
245.9,10
246.0,10
246.1,9
246.2,10
246.3,10
246.4,10
246.5,9
246.6,10
246.7,10
246.8,9
246.9,9
247.0,6
247.1,14
247.2,13
247.3,10
247.4,8
247.5,8
247.6,8
247.7,7
247.8,7
247.9,8
248.0,8
248.1,8
248.2,9
248.3,8
248.4,8
248.5,7
248.6,4
248.7,12
248.8,11
248.9,11
249.0,9
249.1,10
249.2,9
249.3,10
249.4,9
249.5,10
249.6,9
249.7,10
249.8,10
249.9,10
250.0,10
250.1,9
250.2,13
250.3,13
250.4,10
250.5,11
250.6,11
250.7,10
250.8,9
250.9,10
251.0,10
251.1,10
251.2,9
251.3,10
251.4,10
251.5,9
251.6,9
251.7,6
251.8,12
251.9,12
252.0,10
252.1,10
252.2,10
252.3,10
252.4,9
252.5,7
252.6,13
252.7,13
252.8,10
252.9,10
253.0,10
253.1,10
253.2,10
253.3,7
253.4,12
253.5,12
253.6,10
253.7,10
253.8,10
253.9,10
254.0,10
254.1,12
254.2,12
254.3,10
254.4,11
254.5,11
254.6,11
254.7,10
254.8,7
254.9,9
255.0,9
255.1,5
255.2,8
255.3,8
255.4,7
255.5,7
255.6,6
255.7,7
255.8,7
255.9,6
256.0,6
256.1,9
256.2,8
256.3,12
256.4,3
256.5,8
256.6,6
256.7,7
256.8,7
256.9,5
257.0,6
257.1,6
257.2,3
257.3,6
257.4,6
257.5,7
257.6,10
257.7,7
257.8,5
257.9,5
258.0,7
258.1,7
258.2,5
258.3,7
258.4,7
258.5,6
258.6,6
258.7,6
258.8,6
258.9,6
259.0,5
259.1,6
259.2,7
259.3,7
259.4,6
259.5,2
259.6,7
259.7,5
259.8,7
259.9,7
260.0,5
260.1,9
260.2,6
260.3,5
260.4,7
260.5,7
260.6,6
260.7,6
260.8,6
260.9,5
261.0,7
261.1,6
261.2,6
261.3,7
261.4,7
261.5,2
261.6,2
261.7,5
261.8,5
261.9,7
262.0,7
262.1,2
262.2,2
262.3,5
262.4,5
262.5,7
262.6,6
262.7,10
262.8,9
262.9,10
263.0,11
263.1,11
263.2,11
263.3,11
263.4,11
263.5,10
263.6,9
263.7,10
263.8,6
263.9,5
264.0,5
264.1,5
264.2,4
264.3,10
264.4,10
264.5,10
264.6,11
264.7,10
264.8,11
264.9,10
265.0,10
265.1,10
265.2,9
265.3,10
265.4,7
265.5,3
265.6,3
265.7,3
265.8,10
265.9,11
266.0,10
266.1,10
266.2,11
266.3,12
266.4,11
266.5,11
266.6,10
266.7,9
266.8,9
266.9,10
267.0,9
267.1,11
267.2,9
267.3,11
267.4,10
267.5,10
267.6,12
267.7,9
267.8,10
267.9,10
268.0,10
268.1,10
268.2,11
268.3,9
268.4,9
268.5,9
268.6,8
268.7,8
268.8,7
268.9,7
269.0,7
269.1,7
269.2,7
269.3,7
269.4,7
269.5,7
269.6,7
269.7,2
269.8,2
269.9,4
270.0,4
270.1,4
270.2,4
270.3,4
270.4,4
270.5,4
270.6,4
270.7,4
270.8,4
270.9,4
271.0,4
271.1,4
271.2,4
271.3,4
271.4,4
271.5,2
271.6,2
271.7,2
271.8,2
271.9,2
272.0,2
272.1,8
272.2,8
272.3,8
272.4,8
272.5,8
272.6,8
272.7,8
272.8,8
272.9,7
273.0,4
273.1,4
273.2,6
273.3,4
273.4,4
273.5,4
273.6,8
273.7,7
273.8,8
273.9,8
274.0,8
274.1,7
274.2,8
274.3,8
274.4,6
274.5,3
274.6,5
274.7,9
274.8,5
274.9,5
275.0,3
275.1,9
275.2,8
275.3,8
275.4,8
275.5,9
275.6,8
275.7,7
275.8,7
275.9,11
276.0,11
276.1,8
276.2,8
276.3,12
276.4,9
276.5,7
276.6,4
276.7,11
276.8,11
276.9,11
277.0,11
277.1,11
277.2,11
277.3,11
277.4,13
277.5,10
277.6,9
277.7,9
277.8,1
277.9,0
278.0,0
278.1,0
278.2,9
278.3,9
278.4,9
278.5,9
278.6,9
278.7,9
278.8,7
278.9,7
279.0,9
279.1,9
279.2,8
279.3,5
279.4,2
279.5,1
279.6,1
279.7,10
279.8,10
279.9,10
280.0,10
280.1,10
280.2,10
280.3,10
280.4,7
280.5,9
280.6,8
280.7,8
280.8,8
280.9,9
281.0,9
281.1,9
281.2,7
281.3,9
281.4,8
281.5,8
281.6,8
281.7,8
281.8,8
281.9,8
282.0,9
282.1,8
282.2,8
282.3,8
282.4,11
282.5,8
282.6,7
282.7,6
282.8,11
282.9,9
283.0,9
283.1,9
283.2,11
283.3,10
283.4,10
283.5,10
283.6,10
283.7,9
283.8,9
283.9,9
284.0,10
284.1,10
284.2,10
284.3,8
284.4,6
284.5,6
284.6,6
284.7,7
284.8,7
284.9,7
285.0,7
285.1,8
285.2,8
285.3,8
285.4,7
285.5,9
285.6,9
285.7,9
285.8,7
285.9,9
286.0,6
286.1,6
286.2,6
286.3,6
286.4,6
286.5,6
286.6,6
286.7,6
286.8,6
286.9,6
287.0,5
287.1,5
287.2,3
287.3,3
287.4,5
287.5,5
287.6,5
287.7,5
287.8,7
287.9,5
288.0,5
288.1,5
288.2,8
288.3,6
288.4,5
288.5,5
288.6,5
288.7,5
288.8,5
288.9,4
289.0,4
289.1,4
289.2,4
289.3,4
289.4,5
289.5,5
289.6,5
289.7,7
289.8,6
289.9,6
290.0,6
290.1,8
290.2,6
290.3,5
290.4,4
290.5,6
290.6,6
290.7,6
290.8,6
290.9,7
291.0,6
291.1,5
291.2,5
291.3,6
291.4,6
291.5,6
291.6,5
291.7,5
291.8,4
291.9,4
292.0,3
292.1,5
292.2,5
292.3,5
292.4,5
292.5,5
292.6,5
292.7,5
292.8,5
292.9,5
293.0,5
293.1,5
293.2,5
293.3,4
293.4,3
293.5,2
293.6,6
293.7,6
293.8,6
293.9,6
294.0,6
294.1,6
294.2,5
294.3,5
294.4,6
294.5,5
294.6,5
294.7,7
294.8,6
294.9,6
295.0,3
295.1,8
295.2,7
295.3,7
295.4,7
295.5,7
295.6,7
295.7,7
295.8,7
295.9,7
296.0,7
296.1,7
296.2,7
296.3,7
296.4,7
296.5,7
296.6,7
296.7,7
296.8,7
296.9,7
297.0,7
297.1,7
297.2,7
297.3,7
297.4,7
297.5,7
297.6,7
297.7,7
297.8,6
297.9,6
298.0,5
298.1,3
298.2,11
298.3,7
298.4,7
298.5,7
298.6,7
298.7,7
298.8,7
298.9,4
299.0,7
299.1,6
299.2,6
299.3,6
299.4,6
299.5,5
299.6,5
299.7,7
299.8,6
299.9,6
300.0,6
300.1,7
300.2,6
300.3,7
300.4,7
300.5,7
300.6,7
300.7,7
300.8,7
300.9,9
301.0,6
301.1,5
301.2,4
301.3,5
301.4,5
301.5,5
301.6,5
301.7,5
301.8,5
301.9,5
302.0,5
302.1,5
302.2,5
302.3,5
302.4,6
302.5,6
302.6,5
302.7,4
302.8,7
302.9,6
303.0,6
303.1,6
303.2,8
303.3,7
303.4,7
303.5,7
303.6,8
303.7,7
303.8,6
303.9,6
304.0,7
304.1,7
304.2,7
304.3,6
304.4,7
304.5,6
304.6,6
304.7,6
304.8,6
304.9,6
305.0,6
305.1,6
305.2,6
305.3,6
305.4,6
305.5,6
305.6,6
305.7,6
305.8,6
305.9,8
306.0,6
306.1,6
306.2,6
306.3,7
306.4,6
306.5,6
306.6,6
306.7,5
306.8,5
306.9,5
307.0,5
307.1,5
307.2,4
307.3,4
307.4,7
307.5,4
307.6,4
307.7,4
307.8,5
307.9,5
308.0,5
308.1,5
308.2,5
308.3,5
308.4,5
308.5,4
308.6,4
308.7,4
308.8,4
308.9,3
309.0,4
309.1,4
309.2,4
309.3,4
309.4,5
309.5,4
309.6,4
309.7,4
309.8,4
309.9,4
310.0,4
310.1,4
310.2,4
310.3,3
310.4,3
310.5,6
310.6,4
310.7,4
310.8,4
310.9,4
311.0,4
311.1,4
311.2,4
311.3,4
311.4,4
311.5,4
311.6,4
311.7,6
311.8,6
311.9,4
312.0,5
312.1,6
312.2,6
312.3,6
312.4,8
312.5,5
312.6,5
312.7,5
312.8,5
312.9,5
313.0,5
313.1,4
313.2,5
313.3,4
313.4,4
313.5,2
313.6,5
313.7,5
313.8,5
313.9,5
314.0,4
314.1,4
314.2,4
314.3,3
314.4,4
314.5,4
314.6,4
314.7,6
314.8,5
314.9,5
315.0,5
315.1,8
315.2,6
315.3,6
315.4,6
315.5,6
315.6,6
315.7,6
315.8,6
315.9,5
316.0,5
316.1,5
316.2,5
316.3,6
316.4,5
316.5,5
316.6,4
316.7,8
316.8,5
316.9,5
317.0,5
317.1,5
317.2,5
317.3,5
317.4,6
317.5,6
317.6,5
317.7,5
317.8,5
317.9,5
318.0,4
318.1,5
318.2,5
318.3,5
318.4,5
318.5,4
318.6,5
318.7,5
318.8,5
318.9,5
319.0,5
319.1,5
319.2,5
319.3,5
319.4,5
319.5,5
319.6,5
319.7,7
319.8,7
319.9,6
320.0,7
320.1,6
320.2,6
320.3,6
320.4,6
320.5,6
320.6,6
320.7,6
320.8,6
320.9,6
321.0,6
321.1,6
321.2,6
321.3,6
321.4,6
321.5,6
321.6,6
321.7,6
321.8,6
321.9,6
322.0,6
322.1,6
322.2,8
322.3,8
322.4,8
322.5,8
322.6,6
322.7,4
322.8,5
322.9,5
323.0,5
323.1,5
323.2,5
323.3,5
323.4,5
323.5,5
323.6,5
323.7,5
323.8,5
323.9,5
324.0,5
324.1,5
324.2,5
324.3,5
324.4,5
324.5,5
324.6,5
324.7,5
324.8,5
324.9,5
325.0,5
325.1,5
325.2,5
325.3,5
325.4,5
325.5,5
325.6,5
325.7,5
325.8,5
325.9,5
326.0,5
326.1,5
326.2,5
326.3,5
326.4,5
326.5,5
326.6,5
326.7,5
326.8,5
326.9,5
327.0,5
327.1,5
327.2,4
327.3,4
327.4,3
327.5,1
327.6,1
327.7,1
327.8,0
327.9,0
328.0,0
328.1,0
328.2,0
328.3,0
328.4,0
328.5,0
328.6,0
328.7,0
328.8,0
328.9,0
